channel,user_name,user_id,timestamp,text,thread_id
#campaign-briefs,Devon,U001,2025-06-15T09:30:00,"@team I've scheduled our kickoff meeting for the EcoBloom summer campaign tomorrow at 10 AM. Please come prepared with your initial ideas and availability for the next two months. This is a high priority project with a deadline of July 28, 2025.",thread_001
#campaign-briefs,Sam,U002,2025-06-15T09:45:00,"@Devon I've prepared some initial design concepts for EcoBloom's summer campaign. Focusing on vibrant colors and natural elements to match their brand identity.",thread_001
#campaign-briefs,Leah,U003,2025-06-15T10:15:00,"@Devon I've drafted the content strategy for EcoBloom's summer campaign. It includes social media posts, blog articles, and email newsletters. Looking forward to discussing it in the meeting tomorrow!",thread_001
#campaign-briefs,Jordan,U004,2025-06-15T11:20:00,"@Devon I've reviewed EcoBloom's contract terms for the summer campaign. There are specific clauses about deliverables and timelines that we need to adhere to. The deadline of July 28, 2025 is firm, with penalties for delays.",thread_001
#campaign-briefs,Devon,U001,2025-06-15T14:30:00,"@Jordan Thank you for the contract review. We need to ensure all deliverables are completed by July 28, 2025. @Sam and @Leah, please factor this into your timelines. This is a high priority project.",thread_001
#campaign-briefs,Sam,U002,2025-06-15T15:45:00,"@Devon I'll need final content by July 10, 2025 to complete the designs on time. That gives me about 2.5 weeks for revisions before the July 28, 2025 deadline.",thread_001
#campaign-briefs,Leah,U003,2025-06-15T16:20:00,"@Sam I can have the initial content ready for review by June 30, 2025. That should give us enough time for revisions before your July 10, 2025 deadline.",thread_001
#campaign-briefs,Devon,U001,2025-06-16T09:05:00,"@team Great meeting this morning! To recap: EcoBloom summer campaign deadline is July 28, 2025. @Leah will have content ready by June 30, 2025. @Sam will have designs ready by July 21, 2025. @Jordan will handle all legal reviews by July 14, 2025.",thread_001
#campaign-briefs,Jordan,U004,2025-06-16T10:30:00,"@Devon I'll need all marketing materials by July 7, 2025 to complete the legal review by July 14, 2025. This is urgent as the client requires approval before production.",thread_001
#campaign-briefs,Leah,U003,2025-06-16T11:15:00,"@Devon, sure no problem.",thread_001
#campaign-briefs,Jordan,U004,2025-06-16T14:20:00,"@Devon, Okay",thread_001
#campaign-briefs,Sam,U002,2025-06-16T15:45:00,"@Devon I've started working on the initial designs for EcoBloom. Should be ready for review by June 25, 2025. That gives us time for revisions before the content integration on July 10, 2025.",thread_001
#campaign-briefs,Devon,U001,2025-06-16T16:30:00,"@Sam That's excellent progress. Please share the designs with the team for feedback as soon as they're ready. Remember, the EcoBloom campaign deadline of July 28, 2025 is approaching quickly, and this is a high priority project for the agency.",thread_001
#campaign-briefs,Devon,U001,2025-06-17T14:20:00,"@team We've just been awarded the FitFusion rebranding project! This is a significant opportunity for us. The client wants to launch the new brand identity by August 15, 2025, so this is an urgent project with a tight timeline. I'll schedule a kickoff meeting for tomorrow at 2 PM.",thread_002
#campaign-briefs,Sam,U002,2025-06-17T15:30:00,"@Devon Excited about the FitFusion project! I've already started researching their current brand identity and competitors. Looking forward to the kickoff meeting tomorrow.",thread_002
#campaign-briefs,Leah,U003,2025-06-17T16:45:00,"@Devon I'll prepare some initial messaging ideas for FitFusion's rebrand. The August 15, 2025 deadline is tight, but doable if we stay focused.",thread_002
#campaign-briefs,Jordan,U004,2025-06-18T09:15:00,"@Devon I've reviewed the FitFusion contract. The August 15, 2025 deadline is firm, with specific deliverables outlined. We need to ensure all branding materials are legally compliant, especially regarding trademark searches.",thread_002
#campaign-briefs,Devon,U001,2025-06-18T10:30:00,"@Jordan Thank you for the contract review. @Sam and @Leah, please note the August 15, 2025 deadline for FitFusion's rebrand. We need to work backwards from there to establish our internal milestones.",thread_002
#campaign-briefs,Sam,U002,2025-06-18T14:20:00,"@Devon For the FitFusion rebrand, I'll need at least 3 weeks for design development. If we start by June 25, 2025, we can have initial concepts ready by July 16, 2025, leaving time for final revisions before the August 15, 2025 deadline.",thread_002
#campaign-briefs,Leah,U003,2025-06-18T15:45:00,"@Sam I can have the brand messaging framework ready by July 2, 2025. That should give you enough time to incorporate it into your design concepts for FitFusion's rebrand before the August 15, 2025 deadline.",thread_002
#campaign-briefs,Devon,U001,2025-06-18T16:30:00,"@Leah That timeline works well. @Jordan, when would you need the materials for legal review? We need to ensure everything is approved before the August 15, 2025 deadline for FitFusion's rebrand.",thread_002
#campaign-briefs,Jordan,U004,2025-06-19T09:15:00,"@Devon I'll need all branding materials by July 30, 2025 to complete the legal review by August 7, 2025. This will give us a week to address any issues before the August 15, 2025 deadline for FitFusion's rebrand. The trademark search is particularly urgent.",thread_002
#campaign-briefs,Sam,U002,2025-06-19T10:30:00,"@Jordan I'll make sure to have the logo designs and brand guidelines ready for your review by July 30, 2025. Is there anything specific I should consider for the trademark search for FitFusion's rebrand?",thread_002
#campaign-briefs,Jordan,U004,2025-06-19T14:20:00,"@Sam For the FitFusion trademark search, we'll need to check for similar logos in their industry and related sectors. Please provide at least 3 logo variations with distinct elements. This is urgent and needs to be completed before August 7, 2025.",thread_002
#campaign-briefs,Leah,U003,2025-06-19T15:45:00,"@Devon I've drafted the brand voice guidelines for FitFusion's rebrand. They include tone, messaging pillars, and communication examples. Ready for review by June 26, 2025.",thread_002
#campaign-briefs,Devon,U001,2025-06-19T16:30:00,"@Leah Great work on the brand voice guidelines. Please share with the team for feedback. @Sam, please ensure your designs align with the brand voice. @Jordan, please review for any legal considerations. Remember, the FitFusion rebrand deadline of August 15, 2025 is approaching quickly.",thread_002
#campaign-briefs,Sam,U002,2025-06-20T09:15:00,"@Leah I've reviewed the brand voice guidelines for FitFusion. They align well with the initial design concepts I'm developing. I'll have the first round of designs ready for review by July 5, 2025.",thread_002
#campaign-briefs,Devon,U001,2025-06-20T10:30:00,"@Sam That's excellent progress. Please share the designs with the team as soon as they're ready. We need to maintain momentum on the FitFusion rebrand to meet the August 15, 2025 deadline. This is a high priority project for the agency.",thread_002
#campaign-briefs,Devon,U001,2025-06-20T14:20:00,"@team We've just received the brief for TechNova's new product launch! They're introducing a smart home device on September 10, 2025, and they want us to handle the complete marketing campaign. This is a high priority project with significant revenue potential.",thread_003
#campaign-briefs,Sam,U002,2025-06-20T15:30:00,"@Devon Looking forward to the TechNova project! Smart home devices are right in my design wheelhouse. I'll be ready with ideas for the Monday meeting.",thread_003
#campaign-briefs,Leah,U003,2025-06-20T16:45:00,"@Devon TechNova's product launch sounds exciting! I'll start researching their target audience and competitors over the weekend. The September 10, 2025 deadline gives us a good timeline to develop a comprehensive campaign.",thread_003
#campaign-briefs,Jordan,U004,2025-06-21T09:15:00,"@Devon I've reviewed the TechNova agreement. The September 10, 2025 launch date is firm, with specific milestones leading up to it. We need to ensure all marketing materials comply with tech advertising regulations, especially regarding performance claims.",thread_003
#campaign-briefs,Devon,U001,2025-06-21T10:30:00,"@Jordan Thank you for the agreement review. @Sam and @Leah, please note the September 10, 2025 launch date for TechNova's product. We need to work backwards from there to establish our internal milestones.",thread_003
#campaign-briefs,Sam,U002,2025-06-21T14:20:00,"@Devon For the TechNova product launch, I'll need at least 4 weeks for design development. If we start by July 15, 2025, we can have initial concepts ready by August 12, 2025, leaving time for revisions before the September 10, 2025 launch.",thread_003
#campaign-briefs,Leah,U003,2025-06-21T15:45:00,"@Sam I can have the product messaging framework ready by July 22, 2025. That should give you enough time to incorporate it into your design concepts for TechNova's launch before the September 10, 2025 deadline.",thread_003
#campaign-briefs,Devon,U001,2025-06-21T16:30:00,"@Leah That timeline works well. @Jordan, when would you need the materials for legal review? We need to ensure everything is approved before the September 10, 2025 launch for TechNova's product.",thread_003
#campaign-briefs,Jordan,U004,2025-06-22T09:15:00,"@Devon I'll need all marketing materials by August 26, 2025 to complete the legal review by September 2, 2025. This will give us a week to address any issues before the September 10, 2025 launch for TechNova's product. The compliance review is particularly urgent.",thread_003
#campaign-briefs,Sam,U002,2025-06-22T10:30:00,"@Jordan I'll make sure to have the product packaging and promotional materials ready for your review by August 26, 2025. Is there anything specific I should consider for the tech advertising compliance for TechNova's launch?",thread_003
#campaign-briefs,Jordan,U004,2025-06-22T14:20:00,"@Sam For TechNova's product launch, we need to ensure all performance claims are substantiated, disclaimers are prominently displayed, and comparative statements are accurate. Please provide detailed specifications for all claims. This is urgent and needs to be completed before September 2, 2025.",thread_003
#campaign-briefs,Leah,U003,2025-06-22T15:45:00,"@Devon I've drafted the product description and key messaging points for TechNova's launch. They include features, benefits, and differentiators. Ready for review by July 8, 2025.",thread_003
#campaign-briefs,Devon,U001,2025-06-22T16:30:00,"@Leah Great work on the product messaging. Please share with the team for feedback. @Sam, please ensure your designs align with the product features. @Jordan, please review for any legal considerations. Remember, the TechNova launch date of September 10, 2025 is firm.",thread_003
#campaign-briefs,Sam,U002,2025-06-23T09:15:00,"@Leah I've reviewed the product messaging for TechNova. It aligns well with the initial design concepts I'm developing. I'll have the first round of designs ready for review by August 5, 2025.",thread_003
#campaign-briefs,Devon,U001,2025-06-23T10:30:00,"@Sam That's excellent progress. Please share the designs with the team as soon as they're ready. We need to maintain momentum on the TechNova product launch to meet the September 10, 2025 deadline. This is a high priority project for the agency.",thread_003
#client-communications,Devon,U001,2025-06-23T14:20:00,"@team GreenScape has requested our help with their annual sustainability report. They need it completed by August 30, 2025, and they've emphasized that this is a high priority project for their stakeholders. I've scheduled a client call for tomorrow at 3 PM.",thread_004
#client-communications,Leah,U003,2025-06-23T15:30:00,"@Devon I have experience with sustainability reports. I'll prepare some questions for the client call tomorrow and research GreenScape's previous reports.",thread_004
#client-communications,Sam,U002,2025-06-23T16:45:00,"@Devon I can help with the data visualization and design elements for GreenScape's sustainability report. The August 30, 2025 deadline gives us a good timeline to create something impactful.",thread_004
#client-communications,Jordan,U004,2025-06-24T09:15:00,"@Devon I've reviewed GreenScape's sustainability reporting requirements. We need to ensure all environmental claims are substantiated and comply with reporting standards. The August 30, 2025 deadline is firm.",thread_004
#client-communications,Devon,U001,2025-06-24T10:30:00,"@Jordan Thank you for the requirements review. @Leah and @Sam, please note the August 30, 2025 deadline for GreenScape's sustainability report. We need to establish a clear timeline for data collection, content creation, and design.",thread_004
#client-communications,Leah,U003,2025-06-24T14:20:00,"@Devon Great client call with GreenScape! They've provided all the necessary data and want to highlight their 30% reduction in carbon emissions. I can start drafting the content by July 5, 2025, with a final version ready by August 10, 2025.",thread_004
#client-communications,Sam,U002,2025-06-24T15:45:00,"@Leah I'll need the final content by August 10, 2025 to complete the design and data visualization for GreenScape's report. That gives me about 2.5 weeks before the August 30, 2025 deadline.",thread_004
#client-communications,Devon,U001,2025-06-24T16:30:00,"@Sam That timeline works well. @Jordan, when would you need the materials for legal review? We need to ensure all environmental claims in GreenScape's sustainability report are verified before the August 30, 2025 deadline.",thread_004
#client-communications,Jordan,U004,2025-06-25T09:15:00,"@Devon I'll need the complete draft of GreenScape's sustainability report by August 16, 2025 to complete the legal review by August 23, 2025. This will give us a week to address any issues before the August 30, 2025 deadline. The verification of environmental claims is particularly urgent.",thread_004
#client-communications,Leah,U003,2025-06-25T10:30:00,"@Jordan I'll make sure to have the complete draft ready for your review by August 16, 2025. Is there anything specific I should include to support the verification of GreenScape's environmental claims?",thread_004
#client-communications,Jordan,U004,2025-06-25T14:20:00,"@Leah For GreenScape's sustainability report, we need detailed documentation for all environmental claims, including methodologies, data sources, and third-party verification where available. This is urgent and needs to be completed before August 23, 2025.",thread_004
#client-communications,Sam,U002,2025-06-25T15:45:00,"@Devon I've started working on the design concept for GreenScape's sustainability report. I'm focusing on clean, natural aesthetics that reflect their environmental mission. Initial concepts will be ready by July 15, 2025.",thread_004
#client-communications,Devon,U001,2025-06-25T16:30:00,"@Sam That's excellent progress. Please share the concepts with the team for feedback. @Leah, please ensure your content aligns with the visual direction. @Jordan, please review for any legal considerations. Remember, the GreenScape sustainability report deadline of August 30, 2025 is firm.",thread_004
#client-communications,Leah,U003,2025-06-26T09:15:00,"@Sam I've reviewed your design concepts for GreenScape's sustainability report. They perfectly complement the environmental messaging. I'll structure the content to highlight key data points in your visualizations.",thread_004
#client-communications,Devon,U001,2025-06-26T10:30:00,"@Leah Great collaboration on the GreenScape sustainability report. Please continue to coordinate with Sam on integrating content and design. We need to maintain momentum to meet the August 30, 2025 deadline. This is a high priority project for the agency.",thread_004
#client-communications,Devon,U001,2025-06-26T14:20:00,"@team UrbanEdge has requested a comprehensive social media strategy to support their new market expansion. They need the strategy document by July 20, 2025, and implementation to begin by August 1, 2025. This is a high priority project with potential for ongoing work.",thread_005
#client-communications,Leah,U003,2025-06-26T15:30:00,"@Devon I'll lead the content strategy for UrbanEdge's social media. I can research their target audience and competitive landscape by July 5, 2025, with a full content strategy ready by July 15, 2025.",thread_005
#client-communications,Sam,U002,2025-06-26T16:45:00,"@Devon I can develop the visual identity and content templates for UrbanEdge's social media strategy. If we have the content strategy by July 15, 2025, I can have the designs ready by July 18, 2025.",thread_005
#client-communications,Jordan,U004,2025-06-27T09:15:00,"@Devon I've reviewed UrbanEdge's social media requirements. We need to ensure all content complies with advertising standards and disclosure regulations. The July 20, 2025 deadline for the strategy document is firm.",thread_005
#client-communications,Devon,U001,2025-06-27T10:30:00,"@Jordan Thank you for the requirements review. @Leah and @Sam, please note the July 20, 2025 deadline for UrbanEdge's social media strategy document. We need to ensure all components are ready for integration by July 18, 2025.",thread_005
#client-communications,Leah,U003,2025-06-27T14:20:00,"@Devon I've completed the audience research for UrbanEdge's social media strategy. Their primary demographic is 25-40 year old urban professionals interested in sustainable living. I'll have the full content strategy ready by July 15, 2025 as planned.",thread_005
#client-communications,Sam,U002,2025-06-27T15:45:00,"@Leah Thanks for the audience insights. That helps me tailor the visual approach for UrbanEdge's social media. I'll develop a clean, modern aesthetic that appeals to urban professionals.",thread_005
#client-communications,Devon,U001,2025-06-27T16:30:00,"@Sam Great approach for UrbanEdge's social media strategy. Please ensure your designs align with the content strategy Leah is developing. @Jordan, when would you need to review the materials for legal compliance?",thread_005
#client-communications,Jordan,U004,2025-06-28T09:15:00,"@Devon I'll need the complete UrbanEdge social media strategy document by July 17, 2025 to complete the legal review by July 19, 2025. This will give us a day to address any issues before the July 20, 2025 deadline. The disclosure requirements are particularly urgent.",thread_005
#client-communications,Leah,U003,2025-06-28T10:30:00,"@Jordan I'll make sure to have the content strategy ready for your review by July 17, 2025. Is there anything specific I should include regarding disclosure requirements for UrbanEdge's social media?",thread_005
#client-communications,Jordan,U004,2025-06-28T14:20:00,"@Leah For UrbanEdge's social media strategy, we need clear guidelines on sponsored content disclosures, affiliate marketing disclosures, and any paid partnerships. This is urgent and needs to be completed before July 19, 2025.",thread_005
#client-communications,Sam,U002,2025-06-28T15:45:00,"@Devon I've developed the visual identity and content templates for UrbanEdge's social media strategy. They include templates for Instagram, Facebook, and LinkedIn. Ready for review by July 18, 2025.",thread_005
#client-communications,Devon,U001,2025-06-28T16:30:00,"@Sam That's excellent progress. Please share the templates with the team for feedback. @Leah, please ensure your content strategy aligns with the visual templates. @Jordan, please review for any legal considerations. Remember, the UrbanEdge social media strategy deadline of July 20, 2025 is approaching quickly.",thread_005
#client-communications,Leah,U003,2025-06-29T09:15:00,"@Sam I've reviewed your visual templates for UrbanEdge's social media strategy. They perfectly align with the content strategy. I'll finalize the content calendar and posting schedule by July 15, 2025.",thread_005
#client-communications,Devon,U001,2025-06-29T10:30:00,"@Leah Great coordination on the UrbanEdge social media strategy. Please continue to work closely with Sam to ensure content and design are integrated seamlessly. We need to finalize everything by July 18, 2025 to allow for Jordan's review before the July 20, 2025 deadline.",thread_005
#client-communications,Devon,U001,2025-06-29T14:20:00,"@team We've received feedback from EcoBloom on the initial design concepts for their summer campaign. They've requested several changes and want to see revised designs by July 12, 2025. This is urgent as we need to maintain our July 28, 2025 deadline for the full campaign.",thread_006
#client-communications,Sam,U002,2025-06-29T15:30:00,"@Devon I've reviewed the feedback from EcoBloom. Most of the changes are manageable, but they want a complete color palette overhaul, which will take some time. I can have revised concepts ready by July 10, 2025.",thread_006
#client-communications,Leah,U003,2025-06-29T16:45:00,"@Sam The color palette change will affect the content I've developed for EcoBloom's campaign. I'll need to adjust the imagery and visual references to align with the new direction. Can you share the new palette with me by July 5, 2025?",thread_006
#client-communications,Jordan,U004,2025-06-30T09:15:00,"@Devon I've reviewed EcoBloom's feedback request. Any significant changes to the designs will require additional legal review, especially regarding trademark elements. We need to ensure all revisions are completed by July 21, 2025 to maintain the July 28, 2025 deadline.",thread_006
#client-communications,Devon,U001,2025-06-30T10:30:00,"@Jordan Thank you for the legal considerations. @Sam, please prioritize the color palette changes for EcoBloom and share with Leah by July 5, 2025. @Leah, please adjust your content accordingly. We need to ensure all revisions are completed by July 21, 2025 for Jordan's review.",thread_006
#client-communications,Sam,U002,2025-06-30T14:20:00,"@Leah I've developed the new color palette for EcoBloom's campaign. It's more vibrant and contemporary than the original. I'll share it with you by July 3, 2025, which gives you extra time to adjust your content.",thread_006
#client-communications,Leah,U003,2025-06-30T15:45:00,"@Sam Thanks for the early delivery of the color palette. That gives me more time to adjust the content for EcoBloom's campaign. I'll have all visual references updated by July 8, 2025.",thread_006
#client-communications,Devon,U001,2025-06-30T16:30:00,"@Leah That's great progress. @Sam, please continue with the revised design concepts for EcoBloom. We need to have everything ready for client review by July 12, 2025. @Jordan, please be prepared for an expedited legal review once the designs are finalized.",thread_006
#client-communications,Jordan,U004,2025-07-01T09:15:00,"@Devon I'll block time for an expedited legal review of EcoBloom's revised designs. Please ensure all materials are delivered by July 21, 2025 to allow for a thorough review before the July 28, 2025 deadline. This is a high priority project.",thread_006
#client-communications,Sam,U002,2025-07-01T10:30:00,"@Devon I'm making good progress on the revised designs for EcoBloom. The new color palette is working well, and I've incorporated the client's other feedback as well. I'll have the concepts ready for review by July 10, 2025, two days ahead of schedule.",thread_006
#client-communications,Devon,U001,2025-07-01T14:20:00,"@Sam That's excellent progress on EcoBloom's revised designs. Please share them with the team for feedback as soon as they're ready. @Leah, please ensure your content aligns with the new visual direction. @Jordan, please be prepared for the legal review.",thread_006
#client-communications,Leah,U003,2025-07-01T15:45:00,"@Sam I've adjusted all the content for EcoBloom's campaign to align with the new color palette. The visual references and imagery have been updated, and I'm ready to integrate everything with your revised designs.",thread_006
#client-communications,Devon,U001,2025-07-01T16:30:00,"@Leah Great work on adjusting the content for EcoBloom. Please coordinate with Sam to ensure everything is integrated seamlessly. We need to have the revised campaign ready for client review by July 12, 2025, with final approval by July 21, 2025 to allow for Jordan's legal review.",thread_006
#client-communications,Sam,U002,2025-07-02T09:15:00,"@Devon I've completed the revised designs for EcoBloom's summer campaign. They incorporate all the client's feedback, including the new color palette. I've shared them with Leah for content integration and will have the final concepts ready for client review by July 10, 2025.",thread_006
#client-communications,Devon,U001,2025-07-02T10:30:00,"@Sam Excellent work on the revised designs for EcoBloom. Please ensure Leah has everything she needs for content integration. We need to present the revised concepts to the client by July 12, 2025. This is critical to maintaining our July 28, 2025 deadline for the full campaign.",thread_006
#project-updates,Jordan,U004,2025-07-02T14:20:00,"@team I've initiated the legal review for FitFusion's rebranding campaign. There are several trademark considerations that need immediate attention. The trademark search results are due by July 15, 2025, which is urgent given our August 15, 2025 deadline.",thread_007
#project-updates,Devon,U001,2025-07-02T15:30:00,"@Jordan Thank you for initiating the legal review for FitFusion. Please keep us updated on any issues that arise. @Sam and @Leah, please be prepared to make adjustments based on Jordan's findings. We need to ensure everything is resolved by August 7, 2025.",thread_007
#project-updates,Sam,U002,2025-07-02T16:45:00,"@Jordan I've provided all the design concepts for FitFusion's rebrand for your trademark review. Please let me know if you need any additional information or variations. I'm ready to make adjustments as needed.",thread_007
#project-updates,Leah,U003,2025-07-03T09:15:00,"@Jordan I've shared the brand messaging and taglines for FitFusion's rebrand for your legal review. Please let me know if any of them pose trademark or copyright issues. I can develop alternatives if needed.",thread_007
#project-updates,Jordan,U004,2025-07-03T10:30:00,"@Leah I've reviewed the brand messaging for FitFusion. Two of the taglines are similar to existing trademarks in related industries. I'll need alternative options by July 10, 2025. This is urgent to avoid delays in the August 15, 2025 launch.",thread_007
#project-updates,Leah,U003,2025-07-03T14:20:00,"@Jordan I'll develop alternative taglines for FitFusion's rebrand right away. I can have five new options ready for your review by July 8, 2025, which gives us time for revisions before your July 10, 2025 deadline.",thread_007
#project-updates,Devon,U001,2025-07-03T15:45:00,"@Leah That's great responsiveness on the FitFusion taglines. Please ensure Jordan receives the alternatives by July 8, 2025. @Jordan, please prioritize the review to avoid any impact on our August 15, 2025 deadline. This is a high priority project.",thread_007
#project-updates,Jordan,U004,2025-07-03T16:30:00,"@Devon I'll prioritize the review of FitFusion's alternative taglines. I'll provide feedback by July 9, 2025, giving Leah a day to make any final adjustments before the July 10, 2025 deadline. This is urgent to maintain our timeline.",thread_007
#project-updates,Leah,U003,2025-07-04T09:15:00,"@Jordan I've developed five alternative taglines for FitFusion's rebrand. I've shared them with you for review. Please let me know which ones work best from a legal perspective, and I can refine them further if needed.",thread_007
#project-updates,Jordan,U004,2025-07-04T10:30:00,"@Leah I've reviewed the alternative taglines for FitFusion. Three of them are clear from a legal perspective. I recommend options 2, 4, and 5. Please refine these based on brand preference and have the final selection ready by July 10, 2025.",thread_007
#project-updates,Leah,U003,2025-07-04T14:20:00,"@Jordan Thanks for the feedback on FitFusion's taglines. I'll refine options 2, 4, and 5 and have the final selection ready for your approval by July 9, 2025, a day ahead of schedule.",thread_007
#project-updates,Devon,U001,2025-07-04T15:45:00,"@Leah Great progress on FitFusion's taglines. Please ensure Jordan approves the final selection by July 10, 2025. @Sam, please be prepared to integrate the final tagline into the design concepts. We need to maintain momentum to meet the August 15, 2025 deadline.",thread_007
#project-updates,Sam,U002,2025-07-04T16:30:00,"@Devon I'm ready to integrate the final tagline for FitFusion's rebrand into the design concepts as soon as it's approved. I've left space in the designs for this element, so it should be a quick integration.",thread_007
#project-updates,Jordan,U004,2025-07-05T09:15:00,"@Leah I've approved the final tagline for FitFusion's rebrand. Option 4 is the strongest from a legal perspective and aligns well with the brand identity. Please proceed with integration into the campaign materials. This is urgent for our August 15, 2025 deadline.",thread_007
#project-updates,Leah,U003,2025-07-05T10:30:00,"@Sam Jordan has approved tagline option 4 for FitFusion's rebrand. I'll share the final version with you for integration into the design concepts. Please let me know if you need any adjustments to make it work visually.",thread_007
#project-updates,Sam,U002,2025-07-05T14:20:00,"@Leah I've received the final tagline for FitFusion's rebrand. It integrates well with the design concepts. I'll have the updated designs ready for review by July 12, 2025.",thread_007
#project-updates,Devon,U001,2025-07-05T15:45:00,"@Sam Excellent work on integrating the tagline for FitFusion's rebrand. Please share the updated designs with the team for review. We need to ensure everything is finalized by July 30, 2025 for Jordan's final legal review before the August 15, 2025 deadline.",thread_007
#project-updates,Jordan,U004,2025-07-05T16:30:00,"@Devon I'll be ready for the final legal review of FitFusion's rebrand materials by July 30, 2025. Please ensure all components are delivered by that date to allow for a thorough review before the August 15, 2025 deadline. This is urgent.",thread_007
#project-updates,Devon,U001,2025-07-06T09:15:00,"@Jordan Thank you for confirming the timeline for FitFusion's final legal review. @Sam and @Leah, please ensure all materials are ready for Jordan's review by July 30, 2025. We need to maintain our schedule to meet the August 15, 2025 deadline.",thread_007
#project-updates,Sam,U002,2025-07-06T10:30:00,"@Devon I'll have all design components for FitFusion's rebrand ready for Jordan's review by July 28, 2025, two days ahead of schedule. This will give us time to make any final adjustments before the August 15, 2025 deadline.",thread_007
#project-updates,Leah,U003,2025-07-06T14:20:00,"@Devon I'll have all content components for FitFusion's rebrand ready for Jordan's review by July 28, 2025 as well. This coordinated approach should ensure a smooth final review before the August 15, 2025 deadline.",thread_007
#project-updates,Devon,U001,2025-07-06T15:45:00,"@Leah and @Sam Excellent coordination on the FitFusion rebrand materials. Having everything ready by July 28, 2025 will give Jordan ample time for the final legal review before the August 15, 2025 deadline. This is a high priority project, and your teamwork is greatly appreciated.",thread_007
#project-updates,Jordan,U004,2025-07-06T16:30:00,"@Devon I appreciate the coordination on FitFusion's rebrand materials. Having everything by July 28, 2025 will allow for a comprehensive legal review before the August 15, 2025 deadline. This is urgent, and the team's responsiveness is commendable.",thread_007
#project-updates,Devon,U001,2025-07-07T14:20:00,"@team We need to develop the Q3 content calendar for all our clients. This is a high priority project that needs to be completed by July 20, 2025, to allow for proper planning and resource allocation. @Leah, please lead this initiative and coordinate with @Sam and @Jordan as needed.",thread_008
#project-updates,Leah,U003,2025-07-07T15:30:00,"@Devon I'll start developing the Q3 content calendar right away. I'll gather all the client requirements and campaign timelines. I can have a draft ready for review by July 15, 2025, which gives us time for revisions before the July 20, 2025 deadline.",thread_008
#project-updates,Sam,U002,2025-07-07T16:45:00,"@Leah I can provide all the design requirements and timelines for the Q3 content calendar. Please let me know what format you need this information in, and I'll have it ready by July 10, 2025.",thread_008
#project-updates,Jordan,U004,2025-07-08T09:15:00,"@Leah I'll provide all the legal review requirements and timelines for the Q3 content calendar. This is particularly important for EcoBloom and FitFusion, who have strict compliance requirements. I'll have this information ready by July 10, 2025.",thread_008
#project-updates,Leah,U003,2025-07-08T10:30:00,"@Sam and @Jordan Thank you for your quick responses. I'll compile all the information for the Q3 content calendar. Please send your requirements by July 10, 2025, and I'll have the draft ready for review by July 15, 2025, as planned.",thread_008
#project-updates,Devon,U001,2025-07-08T14:20:00,"@Leah Great initiative on the Q3 content calendar. Please ensure all client campaigns and deadlines are accurately reflected. @Sam and @Jordan, please provide your requirements to Leah by July 10, 2025. We need to finalize this by July 20, 2025 for proper Q3 planning.",thread_008
#project-updates,Sam,U002,2025-07-08T15:45:00,"@Leah I've sent all the design requirements and timelines for the Q3 content calendar. I've included specific dates for design deliverables for all",thread_008
#project-updates,Jordan,U004,2025-07-08T16:30:00,"@Leah I've provided all the legal review requirements and timelines for the Q3 content calendar. I've highlighted the urgent reviews needed for EcoBloom (by July 21, 2025) and FitFusion (by August 7, 2025). This information is critical for proper planning.",thread_008
#project-updates,Leah,U003,2025-07-09T09:15:00,"@Sam and @Jordan Thank you for providing the requirements for the Q3 content calendar. I'm compiling everything now and will have the draft ready for review by July 15, 2025, as planned.",thread_008
#project-updates,Devon,U001,2025-07-09T10:30:00,"@Leah Great progress on the Q3 content calendar. Please ensure all client deadlines are accurately reflected, especially EcoBloom (July 28, 2025) and FitFusion (August 15, 2025). We need to finalize this by July 20, 2025 for proper resource allocation.",thread_008
#project-updates,Leah,U003,2025-07-09T14:20:00,"@Devon I've completed the draft of the Q3 content calendar. It includes all client campaigns, deadlines, and resource requirements. I've paid special attention to EcoBloom's July 28, 2025 deadline and FitFusion's August 15, 2025 deadline. Ready for your review by July 15, 2025.",thread_008
#project-updates,Devon,U001,2025-07-09T15:45:00,"@Leah Excellent work on the Q3 content calendar draft. Please share it with @Sam and @Jordan for their feedback. We need to incorporate any revisions and finalize by July 20, 2025. This is a high priority project for proper Q3 planning.",thread_008
#project-updates,Sam,U002,2025-07-09T16:30:00,"@Leah I've reviewed the Q3 content calendar draft. The design timelines look accurate. I've suggested a few adjustments to better align with our production capacity. Please let me know if you have any questions about my feedback.",thread_008
#project-updates,Jordan,U004,2025-07-10T09:15:00,"@Leah I've reviewed the Q3 content calendar draft. The legal review timelines are well-planned, especially for EcoBloom and FitFusion. I've suggested a few adjustments to ensure we have adequate time for compliance reviews. This is urgent for proper planning.",thread_008
#project-updates,Leah,U003,2025-07-10T10:30:00,"@Sam and @Jordan Thank you for your feedback on the Q3 content calendar draft. I'll incorporate your suggestions and have the revised version ready for review by July 17, 2025. This will give us time for final revisions before the July 20, 2025 deadline.",thread_008
#project-updates,Devon,U001,2025-07-10T14:20:00,"@Leah Great responsiveness on the Q3 content calendar feedback. Please incorporate Sam and Jordan's suggestions and share the revised version by July 17, 2025. We need to finalize this by July 20, 2025 for proper Q3 planning. This is a high priority project.",thread_008
#project-updates,Leah,U003,2025-07-10T15:45:00,"@Devon I'll have the revised Q3 content calendar ready for review by July 17, 2025. I've incorporated Sam's production capacity adjustments and Jordan's compliance review suggestions. This should address all concerns and ensure we meet all client deadlines.",thread_008
#project-updates,Devon,U001,2025-07-10T16:30:00,"@Leah Excellent progress on the Q3 content calendar. Please ensure the revised version is shared with the team by July 17, 2025. We need to finalize everything by July 20, 2025 for proper Q3 planning. This is a high priority project.",thread_008
#project-updates,Leah,U003,2025-07-11T09:15:00,"@Devon I've completed the revised Q3 content calendar, incorporating all feedback from Sam and Jordan. I've shared it with the team for final review. We should be able to finalize it by July 17, 2025, three days ahead of the July 20, 2025 deadline.",thread_008
#project-updates,Devon,U001,2025-07-11T10:30:00,"@Leah Great work on the revised Q3 content calendar. @Sam and @Jordan, please review and provide any final feedback by July 15, 2025. We need to finalize this by July 20, 2025 for proper Q3 planning. This is a high priority project.",thread_008
#project-updates,Sam,U002,2025-07-11T14:20:00,"@Leah I've reviewed the revised Q3 content calendar. The production timelines look much more realistic now. No further changes needed from my side. Great job!",thread_008
#project-updates,Jordan,U004,2025-07-11T15:45:00,"@Leah I've reviewed the revised Q3 content calendar. The compliance review timelines are well-planned now. No further changes needed from my side. Excellent work!",thread_008
#project-updates,Devon,U001,2025-07-11T16:30:00,"@Leah Great job on the Q3 content calendar. With Sam and Jordan's approval, we can finalize this by July 15, 2025, five days ahead of the July 20, 2025 deadline. This will give us extra time for Q3 planning. This is a high priority project, and your work is greatly appreciated.",thread_008
#project-updates,Leah,U003,2025-07-12T09:15:00,"@Devon Thank you for the positive feedback on the Q3 content calendar. I'm glad we could finalize it ahead of schedule. This will definitely help with our Q3 planning and resource allocation.",thread_008
#project-updates,Devon,U001,2025-07-12T10:30:00,"@Leah Your work on the Q3 content calendar has been outstanding. Finalizing it by July 15, 2025, five days ahead of the July 20, 2025 deadline, demonstrates excellent project management. This will significantly improve our Q3 planning and execution. This is a high priority project, and your contribution is invaluable.",thread_008
#project-updates,Devon,U001,2025-07-12T14:20:00,"@team We need to finalize the budget for TechNova's product launch campaign. The client has requested a detailed breakdown by July 25, 2025. This is urgent as we need their approval to proceed with production for the September 10, 2025 launch.",thread_009
#project-updates,Sam,U002,2025-07-12T15:30:00,"@Devon I'll prepare the design and production costs for TechNova's campaign. I can have a detailed breakdown ready by July 20, 2025, which gives us time for review before the July 25, 2025 deadline.",thread_009
#project-updates,Leah,U003,2025-07-12T16:45:00,"@Devon I'll prepare the content creation and distribution costs for TechNova's campaign. I can have a detailed breakdown ready by July 20, 2025, aligning with Sam's timeline.",thread_009
#project-updates,Jordan,U004,2025-07-13T09:15:00,"@Devon I'll prepare the legal review and compliance costs for TechNova's campaign. Given the regulatory requirements for tech product advertising, this is a significant component. I can have a detailed breakdown ready by July 20, 2025.",thread_009
#project-updates,Devon,U001,2025-07-13T10:30:00,"@Sam, @Leah, and @Jordan Thank you for your quick responses on the TechNova budget. Please provide your detailed cost breakdowns by July 20, 2025. I'll consolidate everything into a comprehensive budget document for client review by July 25, 2025.",thread_009
#project-updates,Sam,U002,2025-07-13T14:20:00,"@Devon I've completed the design and production costs for TechNova's campaign. I've included all materials, printing, and digital asset development. The breakdown is detailed and ready for your review by July 20, 2025.",thread_009
#project-updates,Leah,U003,2025-07-13T15:45:00,"@Devon I've completed the content creation and distribution costs for TechNova's campaign. I've included all copywriting, social media management, and email marketing expenses. The breakdown is detailed and ready for your review by July 20, 2025.",thread_009
#project-updates,Jordan,U004,2025-07-13T16:30:00,"@Devon I've completed the legal review and compliance costs for TechNova's campaign. I've included all regulatory review, trademark search, and disclosure requirements. The breakdown is detailed and ready for your review by July 20, 2025.",thread_009
#project-updates,Devon,U001,2025-07-14T09:15:00,"@Sam, @Leah, and @Jordan Thank you for providing your cost breakdowns for TechNova's campaign. I'll consolidate everything into a comprehensive budget document. I'll share the draft with you for review by July 22, 2025, giving us time for revisions before the July 25, 2025 client deadline.",thread_009
#project-updates,Sam,U002,2025-07-14T10:30:00,"@Devon I'm looking forward to reviewing the consolidated budget for TechNova's campaign. Please let me know if you need any additional information or clarification on the design and production costs.",thread_009
#project-updates,Leah,U003,2025-07-14T14:20:00,"@Devon I'm ready to review the consolidated budget for TechNova's campaign. Please let me know if you need any additional details on the content creation and distribution costs.",thread_009
#project-updates,Jordan,U004,2025-07-14T15:45:00,"@Devon I'm prepared to review the consolidated budget for TechNova's campaign. Please let me know if you need any further clarification on the legal review and compliance costs. This is urgent for proper budget allocation.",thread_009
#project-updates,Devon,U001,2025-07-14T16:30:00,"@Sam, @Leah, and @Jordan I've consolidated all the cost breakdowns for TechNova's campaign into a comprehensive budget document. I'll share it with you for review by July 22, 2025. Please provide any feedback or corrections by July 23, 2025.",thread_009
#project-updates,Sam,U002,2025-07-15T09:15:00,"@Devon I've reviewed the consolidated budget for TechNova's campaign. The design and production costs are accurately reflected. I have a few minor suggestions for optimization that I'll share with you today.",thread_009
#project-updates,Leah,U003,2025-07-15T10:30:00,"@Devon I've reviewed the consolidated budget for TechNova's campaign. The content creation and distribution costs are accurately reflected. I have a few suggestions for reallocation that I'll share with you today.",thread_009
#project-updates,Jordan,U004,2025-07-15T14:20:00,"@Devon I've reviewed the consolidated budget for TechNova's campaign. The legal review and compliance costs are accurately reflected. Given the regulatory requirements, I believe this allocation is appropriate. This is urgent for proper compliance.",thread_009
#project-updates,Devon,U001,2025-07-15T15:45:00,"@Sam, @Leah, and @Jordan Thank you for your feedback on the TechNova budget. I'll incorporate your suggestions and share the revised version by July 23, 2025. We need to finalize everything for the client by July 25, 2025.",thread_009
#project-updates,Sam,U002,2025-07-15T16:30:00,"@Devon I've sent my optimization suggestions for the TechNova budget. These should help reduce costs without compromising quality. Looking forward to seeing the revised version.",thread_009
#project-updates,Leah,U003,2025-07-16T09:15:00,"@Devon I've sent my reallocation suggestions for the TechNova budget. These should help maximize the impact of the content creation and distribution. Looking forward to seeing the revised version.",thread_009
#project-updates,Devon,U001,2025-07-16T10:30:00,"@Sam and @Leah Thank you for your budget optimization suggestions for TechNova's campaign. I'm incorporating them now and will share the revised budget by July 23, 2025. @Jordan, please be prepared to review the final version before client submission.",thread_009
#project-updates,Jordan,U004,2025-07-16T14:20:00,"@Devon I'm prepared to review the final budget for TechNova's campaign before client submission. Please ensure it includes adequate allocation for legal review and compliance. This is urgent given the regulatory requirements.",thread_009
#project-updates,Devon,U001,2025-07-16T15:45:00,"@Jordan I'll ensure the final budget for TechNova's campaign includes adequate allocation for legal review and compliance. I'll share the revised version with you for final review by July 23, 2025.",thread_009
#project-updates,Devon,U001,2025-07-17T09:15:00,"@team I've incorporated all feedback and suggestions into the revised budget for TechNova's campaign. I'm sharing it with you for final review today. Please provide any last-minute feedback by July 23, 2025.",thread_009
#project-updates,Sam,U002,2025-07-17T10:30:00,"@Devon I've reviewed the revised budget for TechNova's campaign. The design and production costs look good, and my optimization suggestions have been incorporated. No further changes needed from my side.",thread_009
#project-updates,Leah,U003,2025-07-17T14:20:00,"@Devon I've reviewed the revised budget for TechNova's campaign. The content creation and distribution costs look good, and my reallocation suggestions have been incorporated. No further changes needed from my side.",thread_009
#project-updates,Jordan,U004,2025-07-17T15:45:00,"@Devon I've reviewed the revised budget for TechNova's campaign. The legal review and compliance costs are adequate, and the allocation is appropriate. No further changes needed from my side. This is urgent for proper compliance.",thread_009
#project-updates,Devon,U001,2025-07-17T16:30:00,"@Sam, @Leah, and @Jordan Thank you for your final reviews of the TechNova budget. With everyone's approval, I'll finalize the document and submit it to the client by July 25, 2025. Your collaboration has been invaluable.",thread_009
#project-updates,Sam,U002,2025-07-18T09:15:00,"@Devon Great work on consolidating the TechNova budget. The client should be pleased with the detailed breakdown and cost optimizations. Looking forward to their approval so we can move forward with production.",thread_009
#project-updates,Leah,U003,2025-07-18T10:30:00,"@Devon Excellent work on the TechNova budget. The reallocations should maximize the impact of the content creation and distribution. I'm confident the client will approve it, allowing us to proceed with the September 10, 2025 launch.",thread_009
#project-updates,Jordan,U004,2025-07-18T14:20:00,"@Devon Outstanding work on the TechNova budget. The adequate allocation for legal review and compliance should ensure we meet all regulatory requirements for the September 10, 2025 launch. This is urgent for proper execution.",thread_009
#project-updates,Devon,U001,2025-07-18T15:45:00,"@team Thank you for your collaboration on the TechNova budget. I'll submit the final version to the client by July 25, 2025. Once approved, we can proceed with production for the September 10, 2025 launch. This is a high priority project, and your contributions have been invaluable.",thread_009
#project-updates,Devon,U001,2025-07-18T16:30:00,"@team I've just received a request from GreenScape for an extension on their sustainability report deadline. They're proposing to move it from August 30, 2025 to September 15, 2025. This is urgent, as it affects our resource allocation for other projects.",thread_010
#project-updates,Leah,U003,2025-07-19T09:15:00,"@Devon The extension request from GreenScape works well from a content perspective. It will give us more time to ensure all environmental claims are properly substantiated. I support the extension to September 15, 2025.",thread_010
#project-updates,Sam,U002,2025-07-19T10:30:00,"@Devon From a design perspective, the extension to September 15, 2025 will allow us to create more polished data visualizations for GreenScape's sustainability report. I support the extension request.",thread_010
#project-updates,Jordan,U004,2025-07-19T14:20:00,"@Devon The extension to September 15, 2025 will provide more time for the thorough legal review of GreenScape's sustainability report, especially the verification of environmental claims. I support the extension request. This is urgent for proper compliance.",thread_010
#project-updates,Devon,U001,2025-07-19T15:45:00,"@Leah, @Sam, and @Jordan Thank you for your feedback on GreenScape's extension request. With everyone's support, I'll approve the extension to September 15, 2025. This will allow us to deliver a higher quality report while ensuring all environmental claims are properly verified.",thread_010
#project-updates,Leah,U003,2025-07-19T16:30:00,"@Devon Great decision on approving the extension for GreenScape's sustainability report. I'll adjust the content timeline accordingly, with the final draft ready for review by September 1, 2025, instead of August 16, 2025.",thread_010
#project-updates,Sam,U002,2025-07-20T09:15:00,"@Devon I'll adjust the design timeline for GreenScape's sustainability report. With the extension to September 15, 2025, I can have the final designs ready for review by September 5, 2025, instead of August 23, 2025.",thread_010
#project-updates,Jordan,U004,2025-07-20T10:30:00,"@Devon I'll adjust the legal review timeline for GreenScape's sustainability report. With the extension to September 15, 2025, I can complete the thorough review by September 10, 2025, instead of August 23, 2025. This is urgent for proper compliance.",thread_010
#project-updates,Devon,U001,2025-07-20T14:20:00,"@Leah, @Sam, and @Jordan Thank you for adjusting your timelines for GreenScape's sustainability report. With the extension to September 15, 2025, we can ensure a higher quality deliverable while maintaining our workload on other projects.",thread_010
#project-updates,Leah,U003,2025-07-20T15:45:00,"@Devon The extension for GreenScape's sustainability report will also allow me to allocate more time to EcoBloom's campaign, which has a firm deadline of July 28, 2025. This is a high priority project, and the extra focus will be beneficial.",thread_010
#project-updates,Sam,U002,2025-07-20T16:30:00,"@Devon The extension for GreenScape's sustainability report will allow me to focus more on FitFusion's rebrand, which has a deadline of August 15, 2025. This is a high priority project, and the extra attention will improve the quality of the designs.",thread_010
#project-updates,Jordan,U004,2025-07-21T09:15:00,"@Devon The extension for GreenScape's sustainability report will allow me to allocate more time to the legal reviews for both EcoBloom (by July 21, 2025) and FitFusion (by August 7, 2025). These are high priority projects, and the extra focus will ensure proper compliance.",thread_010
#project-updates,Devon,U001,2025-07-21T10:30:00,"@Leah, @Sam, and @Jordan I appreciate your flexibility with the GreenScape extension. The additional time for EcoBloom (July 28, 2025), FitFusion (August 15, 2025), and TechNova (September 10, 2025) will be beneficial. I'll inform GreenScape of the approved extension to September 15, 2025.",thread_010
#project-updates,Leah,U003,2025-07-21T14:20:00,"@Devon Great decision on managing the deadlines across all projects. With the GreenScape extension to September 15, 2025, I can ensure high-quality content for all clients while meeting the firm deadlines for EcoBloom (July 28, 2025) and FitFusion (August 15, 2025).",thread_010
#project-updates,Sam,U002,2025-07-21T15:45:00,"@Devon Excellent deadline management. With the GreenScape extension to September 15, 2025, I can focus on delivering high-quality designs for EcoBloom (July 28, 2025) and FitFusion (August 15, 2025) while ensuring the sustainability report is exceptional.",thread_010
#project-updates,Jordan,U004,2025-07-21T16:30:00,"@Devon Outstanding deadline management. With the GreenScape extension to September 15, 2025, I can ensure thorough legal reviews for EcoBloom (by July 21, 2025) and FitFusion (by August 7, 2025) while providing comprehensive compliance verification for the sustainability report.",thread_010
#project-updates,Devon,U001,2025-07-22T09:15:00,"@team I've informed GreenScape of the approved extension for their sustainability report to September 15, 2025. They were appreciative of our flexibility. This allows us to maintain quality across all projects while meeting our firm deadlines for EcoBloom (July 28, 2025), FitFusion (August 15, 2025), and TechNova (September 10, 2025).",thread_010
#project-updates,Leah,U003,2025-07-22T10:30:00,"@Devon Great client management on the GreenScape extension. The new deadline of September 15, 2025 gives us the flexibility to ensure all projects receive the attention they deserve while meeting our firm commitments.",thread_010
#project-updates,Sam,U002,2025-07-22T14:20:00,"@Devon Excellent communication with GreenScape on the extension. The new deadline of September 15, 2025 allows us to balance our workload effectively while ensuring high-quality deliverables for all clients.",thread_010
#project-updates,Jordan,U004,2025-07-22T15:45:00,"@Devon Outstanding client management on the GreenScape extension. The new deadline of September 15, 2025 provides the necessary time for thorough legal reviews across all projects. This is urgent for proper compliance and risk management.",thread_010
#project-updates,Devon,U001,2025-07-22T16:30:00,"@team Thank you for your flexibility and professionalism regarding the GreenScape extension. With the new deadline of September 15, 2025, we can ensure high-quality deliverables for all clients while meeting our firm deadlines for EcoBloom (July 28, 2025), FitFusion (August 15, 2025), and TechNova (September 10, 2025).",thread_010
#project-updates,Leah,U003,2025-07-23T09:15:00,"@Devon I've updated the content calendar to reflect the GreenScape extension to September 15, 2025. This allows me to allocate appropriate time to all projects, especially the high-priority EcoBloom campaign with its July 28, 2025 deadline.",thread_010
#project-updates,Sam,U002,2025-07-23T10:30:00,"@Devon I've adjusted the design timeline to accommodate the GreenScape extension to September 15, 2025. This allows me to focus on the urgent FitFusion rebrand with its August 15, 2025 deadline while ensuring the sustainability report receives the attention it deserves.",thread_010
#project-updates,Jordan,U004,2025-07-23T14:20:00,"@Devon I've updated the legal review schedule to reflect the GreenScape extension to September 15, 2025. This allows me to prioritize the urgent reviews for EcoBloom (by July 21, 2025) and FitFusion (by August 7, 2025) while ensuring comprehensive compliance verification for the sustainability report.",thread_010
#project-updates,Devon,U001,2025-07-23T15:45:00,"@Leah, @Sam, and @Jordan Thank you for updating your schedules to reflect the GreenScape extension to September 15, 2025. This allows us to balance our workload effectively while ensuring high-quality deliverables for all clients. The firm deadlines for EcoBloom (July 28, 2025), FitFusion (August 15, 2025), and TechNova (September 10, 2025) remain our top priorities.",thread_010
#project-updates,Leah,U003,2025-07-23T16:30:00,"@Devon The updated schedule works well for balancing all projects. With the GreenScape extension to September 15, 2025, I can ensure the EcoBloom campaign is exceptional before its July 28, 2025 deadline.",thread_010
#project-updates,Sam,U002,2025-07-24T09:15:00,"@Devon The adjusted timeline allows for better focus on each project. With the GreenScape extension to September 15, 2025, I can deliver outstanding designs for the FitFusion rebrand by its August 15, 2025 deadline.",thread_010
#project-updates,Jordan,U004,2025-07-24T10:30:00,"@Devon The revised schedule ensures proper attention to all legal reviews. With the GreenScape extension to September 15, 2025, I can complete thorough reviews for EcoBloom (by July 21, 2025) and FitFusion (by August 7, 2025) while ensuring comprehensive compliance for the sustainability report.",thread_010
#project-updates,Devon,U001,2025-07-24T14:20:00,"@team Thank you for your professionalism and flexibility regarding the GreenScape extension. With the new deadline of September 15, 2025, we can ensure high-quality deliverables for all clients while meeting our firm deadlines for EcoBloom (July 28, 2025), FitFusion (August 15, 2025), and TechNova (September 10, 2025).",thread_010
#campaign-briefs,Devon,U001,2025-07-21T09:15:00,"@team We need to finalize the design concepts for EcoBloom's summer campaign. The client has requested the final designs by July 25, 2025, which gives us just a few days to make any final adjustments before the July 28, 2025 campaign launch. This is urgent and requires immediate attention.",thread_011
#campaign-briefs,Sam,U002,2025-07-21T10:30:00,"@Devon I'm putting the finishing touches on EcoBloom's final designs. I'll have everything ready for review by July 23, 2025, giving us a day for any last-minute changes before the July 25, 2025 deadline.",thread_011
#campaign-briefs,Leah,U003,2025-07-21T14:20:00,"@Sam  Okay",thread_011
#campaign-briefs,Jordan,U004,2025-07-21T15:45:00,"@Devon I need to conduct a final legal review of EcoBloom's campaign materials before submission. Please ensure all designs are delivered by July 23, 2025 to allow for proper review before the July 28, 2025 deadline. This is urgent.",thread_011
#campaign-briefs,Devon,U001,2025-07-21T16:30:00,"@Jordan Thank you for the reminder about the legal review. @Sam, please prioritize completing the EcoBloom designs by July 23, 2025. @Leah, please ensure all content is finalized and ready for integration. This is a high priority project with a firm deadline.",thread_011
#campaign-briefs,Sam,U002,2025-07-22T09:15:00,"@Devon I've completed the final designs for EcoBloom's summer campaign. I've shared them with Leah for content integration and will have the complete package ready for Jordan's legal review by July 23, 2025.",thread_011
#campaign-briefs,Leah,U003,2025-07-22T10:30:00,"@Sam I've reviewed your designs for EcoBloom and integrated all the content elements. Everything looks great! I'll pass the complete package to Jordan for legal review.",thread_011
#campaign-briefs,Jordan,U004,2025-07-22T14:20:00,"@Leah I've received the complete EcoBloom campaign package for legal review. I'll prioritize this review and provide feedback by July 24, 2025, giving us time to address any issues before the July 28, 2025 deadline. This is urgent.",thread_011
#campaign-briefs,Devon,U001,2025-07-22T15:45:00,"@Jordan Thank you for prioritizing the EcoBloom legal review. Please provide your feedback by July 24, 2025, so we can make any necessary adjustments before the July 25, 2025 client submission deadline. This is a high priority project.",thread_011
#campaign-briefs,Jordan,U004,2025-07-23T16:30:00,"@Devon I've completed the legal review of EcoBloom's campaign materials. Everything looks good from a compliance perspective. I've approved the designs for client submission. This meets our July 28, 2025 deadline requirements.",thread_011
#campaign-briefs,Devon,U001,2025-07-24T09:15:00,"@team Great news! Jordan has approved the EcoBloom campaign materials for client submission. @Sam, please prepare the final package for delivery by July 25, 2025. @Leah, please ensure all content files are properly organized and labeled. This is a high priority project with our July 28, 2025 deadline approaching quickly.",thread_011
#campaign-briefs,Sam,U002,2025-07-24T10:30:00,"@Devon I'm preparing the final package for EcoBloom's campaign submission. Everything will be properly organized and ready for delivery by July 25, 2025, well ahead of our July 28, 2025 deadline.",thread_011
#campaign-briefs,Leah,U003,2025-07-24T14:20:00,"@Sam I've organized all the content files for EcoBloom's campaign and shared them with you. Let me know if you need anything else for the final package.",thread_011
#campaign-briefs,Devon,U001,2025-07-24T15:45:00,"@Sam and @Leah Excellent work on preparing the EcoBloom campaign materials. Please ensure everything is delivered to the client by July 25, 2025. This gives us a buffer before our July 28, 2025 deadline and demonstrates our commitment to delivering high-quality work on time.",thread_011
#campaign-briefs,Sam,U002,2025-07-25T09:15:00,"@Devon I've  done and deployed it.",thread_011
#campaign-briefs,Devon,U001,2025-07-25T10:30:00,"@Sam Excellent work on delivering the EcoBloom campaign package ahead of schedule. Please monitor for any client feedback and be prepared to make quick adjustments if needed before the July 28, 2025 deadline. This is a high priority project, and your attention to detail is greatly appreciated.",thread_011
#client-communications,Devon,U001,2025-07-25T14:20:00,"@team We need to develop the brand guidelines for FitFusion's rebranding project. The client has requested these by August 5, 2025, which gives us just over a week to complete this critical component before the August 15, 2025 brand launch. This is a high priority project.",thread_012
#client-communications,Sam,U002,2025-07-25T15:30:00,"@Devon I'll lead the development of FitFusion's brand guidelines. I can have a comprehensive draft ready for review by August 1, 2025, giving us time for revisions before the August 5, 2025 deadline.",thread_012
#client-communications,Leah,U003,2025-07-25T16:45:00,"@Sam I'll provide all the messaging and tone of voice guidelines for FitFusion's brand document. I can have this section ready by July 29, 2025, so you can integrate it into the overall guidelines.",thread_012
#client-communications,Jordan,U004,2025-07-26T09:15:00,"@Devon I need to review the FitFusion brand guidelines for legal compliance, especially regarding trademark usage and brand protection language. Please ensure all materials are delivered by August 3, 2025 to allow for proper review before the August 5, 2025 deadline.",thread_012
#client-communications,Devon,U001,2025-07-26T10:30:00,"@Jordan Thank you for the legal review requirements. @Sam, please ensure the FitFusion brand guidelines are comprehensive and include all necessary elements. @Leah, please provide your messaging guidelines by July 29, 2025 as planned.",thread_012
#client-communications,Sam,U002,2025-07-26T14:20:00,"@Leah I've started developing the visual components of FitFusion's brand guidelines. Please send me your messaging guidelines by July 29, 2025 so I can integrate them seamlessly into the overall document.",thread_012
#client-communications,Leah,U003,2025-07-26T15:45:00,"@Sam I'm working on the messaging and tone of voice guidelines for FitFusion. I'll have them ready for you by July 29, 2025 as promised. This will include brand personality, communication principles, and examples.",thread_012
#client-communications,Devon,U001,2025-07-26T16:30:00,"@Leah Great progress on the FitFusion messaging guidelines. Please ensure they align with the brand identity we've established. @Sam, please continue developing the visual components. We need to have everything ready for Jordan's legal review by August 3, 2025.",thread_012
#client-communications,Leah,U003,2025-07-29T09:15:00,"@Sam I've completed the messaging and tone of voice guidelines for FitFusion's brand document. I've shared them with you for integration into the overall guidelines. Let me know if you need any clarifications or adjustments.",thread_012
#client-communications,Sam,U002,2025-07-29T10:30:00,"@Leah Thanks for sending the messaging guidelines. I've integrated them into the FitFusion brand guidelines document. I'll have the complete draft ready for review by August 1, 2025 as planned.",thread_012
#client-communications,Devon,U001,2025-07-29T14:20:00,"@Sam Excellent progress on the FitFusion brand guidelines. Please share the draft with the team for review by August 1, 2025. @Jordan, please be prepared to conduct a legal review once the document is finalized. This is a high priority project with our August 5, 2025 deadline approaching quickly.",thread_012
#client-communications,Sam,U002,2025-07-30T09:15:00,"@Devon I've completed the draft of FitFusion's brand guidelines. I've shared it with the team for review. The document includes all visual elements, messaging guidelines, and usage examples. Ready for feedback by August 1, 2025.",thread_012
#client-communications,Leah,U003,2025-07-30T10:30:00,"@Sam I've reviewed the FitFusion brand guidelines draft. The messaging section looks great and aligns perfectly with our content strategy. No changes needed from my side.",thread_012
#client-communications,Devon,U001,2025-07-30T14:20:00,"@Sam Great work on the FitFusion brand guidelines draft. @Leah, thank you for your review and confirmation that the messaging section aligns with our strategy. @Jordan, please be prepared to conduct a legal review by August 3, 2025.",thread_012
#client-communications,Jordan,U004,2025-07-30T15:45:00,"@Devon I'm prepared to conduct the legal review of FitFusion's brand guidelines. Please ensure the final version is delivered by August 3, 2025 to allow for a thorough review before the August 5, 2025 deadline. This is urgent for proper brand protection.",thread_012
#client-communications,Devon,U001,2025-07-30T16:30:00,"@Jordan Thank you for preparing for the FitFusion brand guidelines review. @Sam, please finalize the document based on team feedback and deliver it to Jordan by August 3, 2025. This is a high priority project with a firm deadline of August 5, 2025.",thread_012
#client-communications,Sam,U002,2025-07-31T09:15:00,"@Devon I've finalized the FitFusion brand guidelines based on team feedback. I've shared the document with Jordan for legal review. Everything is on track for our August 5, 2025 deadline.",thread_012
#client-communications,Jordan,U004,2025-08-01T14:20:00,"@Sam I've reviewed the FitFusion brand guidelines from a legal perspective. Everything looks good, but I've suggested a few minor adjustments to strengthen the trademark protection language. Please incorporate these changes by August 3, 2025. This is urgent.",thread_012
#client-communications,Sam,U002,2025-08-01T15:45:00,"@Jordan I've incorporated your suggested changes to strengthen the trademark protection language in FitFusion's brand guidelines. I'll share the revised version with you for final approval by August 2, 2025.",thread_012
#client-communications,Devon,U001,2025-08-01T16:30:00,"@Sam Excellent responsiveness on incorporating Jordan's feedback for the FitFusion brand guidelines. Please ensure the revised version is delivered to Jordan by August 2, 2025. This gives us a buffer before our August 5, 2025 deadline. This is a high priority project for the agency.",thread_012
#client-communications,Jordan,U004,2025-08-02T09:15:00,"@Sam I've reviewed the revised FitFusion brand guidelines and approved them from a legal perspective. The document is ready for client submission by August 5, 2025. This meets all compliance requirements.",thread_012
#client-communications,Devon,U001,2025-08-02T10:30:00,"@Jordan Thank you for the final approval of the FitFusion brand guidelines. @Sam, please prepare the final package for client delivery by August 5, 2025. This is a critical component of their rebranding project, and timely delivery is essential for the August 15, 2025 brand launch.",thread_012
#project-updates,Devon,U001,2025-08-02T14:20:00,"@team We need to finalize the product descriptions for TechNova's upcoming launch. The client has requested these by August 10, 2025, which gives us just over a week to complete this essential component before the September 10, 2025 product launch. This is a high priority project.",thread_013
#project-updates,Leah,U003,2025-08-02T15:30:00,"@Devon I'll lead the development of TechNova's product descriptions. I can have comprehensive drafts ready for review by August 7, 2025, giving us time for revisions before the August 10, 2025 deadline.",thread_013
#project-updates,Sam,U002,2025-08-02T16:45:00,"@Leah I'll provide visual support for TechNova's product descriptions, including lifestyle images and product shots. I can have these ready by August 5, 2025, so you can integrate them into the descriptions.",thread_013
#project-updates,Jordan,U004,2025-08-03T09:15:00,"@Devon I need to review TechNova's product descriptions for compliance with advertising regulations, especially regarding performance claims. Please ensure all materials are delivered by August 8, 2025 to allow for proper review before the August 10, 2025 deadline.",thread_013
#project-updates,Devon,U001,2025-08-03T10:30:00,"@Jordan Thank you for the compliance requirements. @Leah, please ensure the TechNova product descriptions are comprehensive and accurate. @Sam, please provide visual support by August 5, 2025 as planned. This is a high priority project.",thread_013
#project-updates,Leah,U003,2025-08-03T14:20:00,"@Sam I've started drafting TechNova's product descriptions. Please send me the visual assets by August 5, 2025 so I can integrate them seamlessly into the descriptions.",thread_013
#project-updates,Sam,U002,2025-08-03T15:45:00,"@Leah I'm working on the visual assets for TechNova's product descriptions. I'll have the lifestyle images and product shots ready for you by August 5, 2025 as promised.",thread_013
#project-updates,Devon,U001,2025-08-03T16:30:00,"@Sam Great progress on the visual assets for TechNova's product descriptions. Please ensure they align with the brand identity we've established. @Leah, please continue developing the product descriptions. We need to have everything ready for Jordan's compliance review.",thread_013
#project-updates,Sam,U002,2025-08-05T09:15:00,"@Leah I've completed the visual assets for TechNova's product descriptions. I've shared them with you for integration into the descriptions. Let me know if you need any adjustments or additional assets.",thread_013
#project-updates,Leah,U003,2025-08-05T10:30:00,"@Sam Thanks for sending the visual assets. I've integrated them into TechNova's product descriptions. I'll have the complete draft ready for review by August 7, 2025 as planned.",thread_013
#project-updates,Devon,U001,2025-08-05T14:20:00,"@Leah Excellent progress on TechNova's product descriptions. Please share the draft with the team for review by August 7, 2025. @Jordan, please be prepared to conduct a compliance review once the descriptions are finalized. This is a high priority project with our August 10, 2025 deadline approaching quickly.",thread_013
#project-updates,Leah,U003,2025-08-07T09:15:00,"@Devon I've completed the draft of TechNova's product descriptions. I've shared it with the team for review. The document includes all product features, benefits, and visual elements. Ready for feedback by August 7, 2025.",thread_013
#project-updates,Sam,U002,2025-08-07T10:30:00,"@Leah I've reviewed the TechNova product descriptions draft. The visual integration looks great and showcases the products effectively. No changes needed from my side.",thread_013
#project-updates,Devon,U001,2025-08-07T14:20:00,"@Leah Great work on the TechNova product descriptions draft. @Sam, thank you for your review and confirmation that the visual integration is effective. @Jordan, please be prepared to conduct a compliance review by August 8, 2025.",thread_013
#project-updates,Jordan,U004,2025-08-07T15:45:00,"@Devon I'm prepared to conduct the compliance review of TechNova's product descriptions. Please ensure the final version is delivered by August 8, 2025 to allow for a thorough review before the August 10, 2025 deadline. This is urgent for proper regulatory compliance.",thread_013
#project-updates,Devon,U001,2025-08-07T16:30:00,"@Jordan Thank you for preparing for the TechNova product descriptions review. @Leah, please finalize the document based on team feedback and deliver it to Jordan by August 8, 2025. This is a high priority project with a firm deadline of August 10, 2025.",thread_013
#project-updates,Leah,U003,2025-08-08T09:15:00,"@Devon I've finalized the TechNova product descriptions based on team feedback. I've shared the document with Jordan for compliance review. Everything is on track for our August 10, 2025 deadline.",thread_013
#project-updates,Jordan,U004,2025-08-08T14:20:00,"@Leah I've reviewed the TechNova product descriptions from a compliance perspective. Everything looks good, but I've suggested a few minor adjustments to clarify performance claims. Please incorporate these changes by August 9, 2025. This is urgent.",thread_013
#project-updates,Leah,U003,2025-08-08T15:45:00,"@Jordan I've incorporated your suggested changes to clarify the performance claims in TechNova's product descriptions. I'll share the revised version with you for final approval by August 9, 2025.",thread_013
#project-updates,Devon,U001,2025-08-08T16:30:00,"@Leah Excellent responsiveness on incorporating Jordan's feedback for the TechNova product descriptions. Please ensure the revised version is delivered to Jordan by August 9, 2025. This gives us a buffer before our August 10, 2025 deadline. This is a high priority project for the agency.",thread_013
#project-updates,Jordan,U004,2025-08-09T09:15:00,"@Leah I've reviewed the revised TechNova product descriptions and approved them from a compliance perspective. The document is ready for client submission by August 10, 2025. This meets all regulatory requirements.",thread_013
#project-updates,Devon,U001,2025-08-09T10:30:00,"@Jordan Thank you for the final approval of the TechNova product descriptions. @Leah, please prepare the final package for client delivery by August 10, 2025. This is a critical component of their product launch, and timely delivery is essential for the September 10, 2025 launch.",thread_013
#campaign-briefs,Devon,U001,2025-08-09T14:20:00,"@team We need to develop the data visualization components for GreenScape's sustainability report. The client has requested these by September 5, 2025, which gives us just over three weeks to complete this critical component before the September 15, 2025 report launch. This is a high priority project.",thread_014
#campaign-briefs,Sam,U002,2025-08-09T15:30:00,"@Devon I'll lead the development of GreenScape's data visualizations. I can have comprehensive drafts ready for review by August 30, 2025, giving us time for revisions before the September 5, 2025 deadline.",thread_014
#campaign-briefs,Leah,U003,2025-08-09T16:45:00,"@Sam I'll provide all the data points and key insights for GreenScape's visualizations. I can have this information ready by August 20, 2025, so you have plenty of time to create the visual elements.",thread_014
#campaign-briefs,Jordan,U004,2025-08-10T09:15:00,"@Devon I need to review GreenScape's data visualizations for accuracy of environmental claims. Please ensure all materials are delivered by September 2, 2025 to allow for proper review before the September 5, 2025 deadline. This is urgent.",thread_014
#campaign-briefs,Devon,U001,2025-08-10T10:30:00,"@Jordan Thank you for the review requirements. @Sam, please ensure the GreenScape data visualizations are clear, accurate, and visually appealing. @Leah, please provide the data points and key insights by August 20, 2025 as planned.",thread_014
#campaign-briefs,Leah,U003,2025-08-10T14:20:00,"@Sam I've compiled all the data points and key insights for GreenScape's sustainability report. I'll share them with you by August 20, 2025 as promised. This includes their carbon reduction metrics and sustainability achievements.",thread_014
#campaign-briefs,Sam,U002,2025-08-10T15:45:00,"@Leah Thanks for letting me know about the data points. I'll start developing concepts for GreenScape's data visualizations and will be ready to integrate the specific information once you share it.",thread_014
#campaign-briefs,Devon,U001,2025-08-10T16:30:00,"@Sam Great initiative on starting the concepts for GreenScape's data visualizations. Please ensure they align with the report's overall design direction. @Leah, please continue compiling the data points and insights. We need to have everything ready for Jordan's review.",thread_014
#campaign-briefs,Leah,U003,2025-08-20T09:15:00,"@Sam I've shared all the data points and key insights for GreenScape's sustainability report. This includes their 30% carbon reduction, water conservation metrics, and renewable energy usage. Let me know if you need any additional information.",thread_014
#campaign-briefs,Sam,U002,2025-08-20T10:30:00,"@Leah Thanks for sending the data points. I've started integrating them into GreenScape's data visualizations. I'll have the complete draft ready for review by August 30, 2025 as planned.",thread_014
#campaign-briefs,Devon,U001,2025-08-20T14:20:00,"@Sam Excellent progress on GreenScape's data visualizations. Please share the draft with the team for review by August 30, 2025. @Jordan, please be prepared to conduct a review once the visualizations are finalized. This is a high priority project with our September 5, 2025 deadline approaching.",thread_014
#campaign-briefs,Sam,U002,2025-08-30T09:15:00,"@Devon I've completed the draft of GreenScape's data visualizations. I've shared it with the team for review. The visualizations effectively communicate their sustainability achievements. Ready for feedback by August 30, 2025.",thread_014
#campaign-briefs,Leah,U003,2025-08-30T10:30:00,"@Sam I've reviewed GreenScape's data visualizations draft. The data representation is accurate and effectively highlights their sustainability achievements. No changes needed from my side.",thread_014
#campaign-briefs,Devon,U001,2025-08-30T14:20:00,"@Sam Great work on the GreenScape data visualizations draft. @Leah, thank you for your review and confirmation that the data representation is accurate. @Jordan, please be prepared to conduct a review by September 2, 2025.",thread_014
#campaign-briefs,Jordan,U004,2025-08-30T15:45:00,"@Devon I'm prepared to conduct the review of GreenScape's data visualizations. Please ensure the final version is delivered by September 2, 2025 to allow for a thorough review before the September 5, 2025 deadline. This is urgent for proper verification of environmental claims.",thread_014
#campaign-briefs,Devon,U001,2025-08-30T16:30:00,"@Jordan Thank you for preparing for the GreenScape data visualizations review. @Sam, please finalize the document based on team feedback and deliver it to Jordan by September 2, 2025. This is a high priority project with a firm deadline of September 5, 2025.",thread_014
#campaign-briefs,Sam,U002,2025-09-01T09:15:00,"@Devon I've finalized GreenScape's data visualizations based on team feedback. I' ve done with the document.",thread_014
#campaign-briefs,Jordan,U004,2025-09-02T14:20:00,"@Sam I've reviewed GreenScape's data visualizations. Everything looks good, but I've suggested a few minor adjustments to clarify the data sources. Please incorporate these changes by September 4, 2025. This is urgent.",thread_014
#campaign-briefs,Sam,U002,2025-09-02T15:45:00,"@Jordan I've incorporated your suggested changes to clarify the data sources in GreenScape's visualizations. I'll share the revised version with you for final approval by September 3, 2025.",thread_014
#campaign-briefs,Devon,U001,2025-09-02T16:30:00,"@Sam Excellent responsiveness on incorporating Jordan's feedback for the GreenScape data visualizations. Please ensure the revised version is delivered to Jordan by September 3, 2025. This gives us a buffer before our September 5, 2025 deadline. This is a high priority project for the agency.",thread_014
#campaign-briefs,Jordan,U004,2025-09-03T09:15:00,"@Sam I've reviewed the revised GreenScape data visualizations and approved them.",thread_014
#campaign-briefs,Devon,U001,2025-09-03T10:30:00,"@Jordan Thank you for the final approval of the GreenScape data visualizations. @Sam, please prepare the final package for client delivery by September 5, 2025. This is a critical component of their sustainability report, and timely delivery is essential for the September 15, 2025 launch.",thread_014
#client-communications,Devon,U001,2025-09-03T14:20:00,"@team We need to conduct market research for UrbanEdge's new market expansion. The client has requested the research findings by September 15, 2025, which gives us just under two weeks to complete this essential component before their October 1, 2025 expansion launch. This is a high priority project.",thread_015
#client-communications,Leah,U003,2025-09-03T15:30:00,"@Devon I'll lead the market research for UrbanEdge's expansion. I can have comprehensive findings ready for review by September 10, 2025, giving us time for revisions before the September 15, 2025 deadline.",thread_015
#client-communications,Sam,U002,2025-09-03T16:45:00,"@Leah I'll support the market research with visual analysis of competitor positioning and market trends. I can have this ready by September 8, 2025, so you can integrate it into the overall findings.",thread_015
#client-communications,Jordan,U004,2025-09-04T09:15:00,"@Devon I need to review UrbanEdge's market research for compliance with data privacy regulations. Please ensure all materials are delivered by September 12, 2025 to allow for proper review before the September 15, 2025 deadline. This is urgent.",thread_015
#client-communications,Devon,U001,2025-09-04T10:30:00,"@Jordan Thank you for the compliance requirements. @Leah, please ensure the UrbanEdge market research is comprehensive and actionable. @Sam, please provide visual analysis by September 8, 2025 as planned. This is a high priority project.",thread_015
#client-communications,Leah,U003,2025-09-04T14:20:00,"@Sam I've started gathering data for UrbanEdge's market research. Please send me your visual analysis by September 8, 2025 so I can integrate it into the overall findings.",thread_015
#client-communications,Sam,U002,2025-09-04T15:45:00,"@Leah I'm working on the visual analysis of competitor positioning and market trends for UrbanEdge's market research. I'll have this ready for you by September 8, 2025 as promised.",thread_015
#client-communications,Devon,U001,2025-09-04T16:30:00,"@Sam Great progress on the visual analysis for UrbanEdge's market research. Please ensure it provides clear insights into the competitive landscape. @Leah, please continue gathering the research data. We need to have everything ready for Jordan's review.",thread_015
#client-communications,Sam,U002,2025-09-08T09:15:00,"@Leah I've completed the visual analysis of competitor positioning and market trends for UrbanEdge's market research. I've shared it with you for integration into the overall findings. Let me know if you need any additional analysis.",thread_015
#client-communications,Leah,U003,2025-09-08T10:30:00,"@Sam Thanks for sending the visual analysis. I've integrated it into UrbanEdge's market research findings. I'll have the complete draft ready for review by September 10, 2025 as planned.",thread_015
#client-communications,Devon,U001,2025-09-08T14:20:00,"@Leah Excellent progress on UrbanEdge's market research. Please share the draft with the team for review by September 10, 2025. @Jordan, please be prepared to conduct a compliance review once the research is finalized. This is a high priority project with our September 15, 2025 deadline approaching quickly.",thread_015
#client-communications,Leah,U003,2025-09-10T09:15:00,"@Devon I've completed the draft of UrbanEdge's market research. I've shared it with the team for review. The document includes target audience analysis, competitor insights, and market opportunities. Ready for feedback by September 10, 2025.",thread_015
#client-communications,Sam,U002,2025-09-10T10:30:00,"@Leah I've reviewed UrbanEdge's market research draft. The visual analysis is effectively integrated and provides clear insights into the competitive landscape. No changes needed from my side.",thread_015
#client-communications,Devon,U001,2025-09-10T14:20:00,"@Leah Great work on the UrbanEdge market research draft. @Sam, thank you for your review and confirmation that the visual analysis is effective. @Jordan, please be prepared to conduct a compliance review by September 12, 2025.",thread_015
#client-communications,Jordan,U004,2025-09-10T15:45:00,"@Devon I'm prepared to conduct the compliance review of UrbanEdge's market research. Please ensure the final version is delivered by September 12, 2025 to allow for a thorough review before the September 15, 2025 deadline. This is urgent for proper data privacy compliance.",thread_015
#client-communications,Devon,U001,2025-09-10T16:30:00,"@Jordan Thank you for preparing for the UrbanEdge market research review. @Leah, please finalize the document based on team feedback and deliver it to Jordan by September 12, 2025. This is a high priority project with a firm deadline of September 15, 2025.",thread_015
#client-communications,Leah,U003,2025-09-12T09:15:00,"@Devon I've finalized UrbanEdge's market research based on team feedback. I've shared the document with Jordan for compliance review. Everything is on track for our September 15, 2025 deadline.",thread_015
#client-communications,Jordan,U004,2025-09-12T14:20:00,"@Leah I've reviewed UrbanEdge's market research from a compliance perspective. Everything looks good, but I've suggested a few minor adjustments to ensure data privacy compliance. Please incorporate these changes by September 14, 2025. This is urgent.",thread_015
#client-communications,Leah,U003,2025-09-12T15:45:00,"@Jordan I've incorporated your suggested changes to ensure data privacy compliance in UrbanEdge's market research. I'll share the revised version with you for final approval by September 13, 2025.",thread_015
#client-communications,Devon,U001,2025-09-12T16:30:00,"@Leah Excellent responsiveness on incorporating Jordan's feedback for the UrbanEdge market research. Please ensure the revised version is delivered to Jordan by September 13, 2025. This gives us a buffer before our September 15, 2025 deadline. This is a high priority project for the agency.",thread_015
#client-communications,Jordan,U004,2025-09-13T09:15:00,"@Leah I've reviewed the revised UrbanEdge market research and approved it from a compliance perspective. The document is ready for client submission by September 15, 2025. This meets all data privacy requirements.",thread_015
#client-communications,Devon,U001,2025-09-13T10:30:00,"@Jordan Thank you for the final approval of the UrbanEdge market research. @Leah, please prepare the final package for client delivery by September 15, 2025. This is a critical component of their market expansion, and timely delivery is essential for the October 1, 2025 launch.",thread_015